63	subsea
62	rov
50	cable
29	system
26	farm
24	installation
24	systems
23	new
23	power
22	seabed
22	survey
21	operations
21	technology
19	vessel
19	water
19	equipment
19	services
19	trenching
18	company
18	support
18	director
18	plough
18	control
17	kongsberg
16	work
16	burial
16	training
15	sea
15	underwater
15	range
14	industry
14	time
14	high
14	market
14	used
14	vehicle
13	auv
13	provide
13	gas
13	oil
13	managing
13	marine
13	group
13	image
13	software
13	mappress
12	design
12	turbine
12	uxo
12	operational
12	data
12	array
12	cables
11	cost
11	requirements
11	designed
11	one
11	provides
11	first
11	solutions
11	using
11	inspection
11	operating
10	development
10	fully
10	maintenance
10	pharos
10	applications
10	construction
10	modus
10	maritime
10	many
10	simsea
10	simulator
10	itat
9	north
9	fleet
9	renewables
9	team
9	well
9	integrated
9	inter
8	allow
8	operate
8	realtime
8	technical
8	part
8	umbilical
8	grout
8	contract
8	process
8	positioning
8	capabilities
8	capability
8	jetting
8	products
8	large
8	release
8	reef
8	trencher
8	safety
8	roge
7	need
7	performance
7	reduces
7	around
7	clients
7	conditions
7	current
7	experience
7	multiple
7	operated
7	rovs
7	unique
7	monitoring
7	providing
7	renewable
7	sectors
7	working
7	delivery
7	launch
7	level
7	costs
7	manager
7	operators
7	based
7	equipped
7	flexibility
7	depths
7	depth
7	trench
7	intervention
7	vehicles
7	include
7	sonar
7	cougar
7	low
7	press
7	seatronics
7	forward
7	elars
6	conventional
6	ensures
6	traditional
6	according
6	addition
6	deployed
6	heavy
6	potential
6	damage
6	future
6	significant
6	recovery
6	cps
6	customers
6	innovative
6	bring
6	developed
6	required
6	agreement
6	saab
6	deep
6	including
6	vessels
6	years
6	two
6	acoustic
6	says
6	complete
6	together
6	zetechtics
6	sonardyne
5	available
5	engineering
5	ijacket
5	supporting
5	built
5	complex
5	crane
5	division
5	efficient
5	fitted
5	remotely
5	sensors
5	tasks
5	world
5	help
5	last
5	offer
5	possible
5	year
5	farms
5	handling
5	officer
5	product
5	winch
5	foundation
5	full
5	place
5	test
5	currently
5	metres
5	specialist
5	upgrades
5	sector
5	whilst
5	particularly
5	able
5	across
5	within
5	operation
5	safer
5	shallow
5	surveys
5	tracking
5	platform
5	focus
5	meters
5	navigation
5	onboard
5	precision
5	jet
5	october
5	norway
5	teams
5	extreme
5	lars
5	source
5	room
5	container
5	atlantic
4	america
4	business
4	companies
4	divers
4	makes
4	material
4	reduce
4	still
4	aleron
4	challenging
4	clearance
4	latest
4	rental
4	three
4	tooling
4	utilised
4	growth
4	innovation
4	order
4	position
4	safe
4	week
4	ahc
4	feature
4	macartney
4	quality
4	remote
4	service
4	solution
4	turbines
4	via
4	accurate
4	activity
4	density
4	highly
4	quick
4	quickly
4	use
4	close
4	compared
4	hornsea
4	risk
4	successfully
4	units
4	benefits
4	deliver
4	important
4	tool
4	board
4	heading
4	increase
4	needs
4	productivity
4	worldwide
4	cut
4	soil
4	speed
4	commitment
4	ensure
4	meet
4	ongoing
4	processes
4	centre
4	james
4	ordnance
4	waters
4	weather
4	play
4	markets
4	safely
4	critical
4	invisotech
4	technologies
4	trials
4	effect
4	innovatums
4	pipelines
4	size
4	version
4	resolution
4	acquisition
4	february
4	iobox
4	enhanced
4	entire
4	global
4	august
4	enhance
4	operator
4	easily
4	pleased
4	smd
4	evotec
4	geotechnical
4	swire
4	anchor
4	competence
4	crew
4	valuable
4	area
4	called
4	developers
4	due
4	floor
4	infield
4	itats
4	lay
4	practice
4	ship
4	short
4	telecoms
4	vbms
3	allowing
3	deck
3	drilling
3	engineered
3	inspections
3	meeting
3	method
3	offers
3	open
3	quicker
3	reduced
3	weight
3	frame
3	house
3	identify
3	imaging
3	knots
3	locate
3	now
3	series
3	targets
3	task
3	trackrov
3	view
3	workclass
3	end
3	major
3	omm
3	way
3	worlds
3	contractors
3	controls
3	even
3	expected
3	fact
3	flak
3	german
3	includes
3	kriegers
3	near
3	placed
3	scope
3	supply
3	ton
3	allows
3	enables
3	reducing
3	taken
3	added
3	challenges
3	delighted
3	demonstration
3	visibility
3	achieve
3	capacity
3	confident
3	extensive
3	geosea
3	jfse
3	multirov
3	window
3	line
3	offering
3	repair
3	advanced
3	approach
3	autonomous
3	effective
3	features
3	hybrid
3	motion
3	areas
3	east
3	fisher
3	helping
3	improve
3	innovatum
3	metal
3	vision
3	either
3	information
3	role
3	seaeye
3	uxos
3	widespread
3	field
3	highvalue
3	programme
3	recently
3	along
3	coastal
3	compact
3	inshore
3	mobilised
3	model
3	rapidly
3	route
3	wide
3	among
3	operates
3	specialized
3	efficiency
3	pipeline
3	scheduled
3	simulators
3	jupiter
3	september
3	defence
3	demand
3	demonstrating
3	developments
3	existing
3	expertise
3	former
3	look
3	planned
3	recognised
3	royal
3	unmanned
3	staff
3	loading
3	ltd
3	named
3	onto
3	towed
3	adds
3	going
3	subsidiary
3	uses
3	commercial
3	share
3	tech
3	upcoming
3	simulated
3	simulation
3	needed
3	scale
3	site
3	confined
3	demanding
3	osiris
3	anchors
3	echoscope
3	generated
3	normand
3	tonjer
2	accessible
2	analytical
2	assembly
2	awarded
2	carry
2	choice
2	coast
2	configuration
2	exclusive
2	fatigue
2	jacket
2	less
2	morrison
2	nature
2	optimized
2	president
2	structural
2	tools
2	vice
2	bottom
2	boulder
2	completed
2	currents
2	excavation
2	free
2	known
2	met
2	pangeo
2	portfolio
2	pump
2	require
2	sbi
2	similar
2	small
2	sub
2	cablefish
2	clean
2	continues
2	continuous
2	economic
2	emerging
2	environments
2	industries
2	launched
2	offered
2	overcome
2	rob
2	set
2	visual
2	active
2	assured
2	back
2	combined
2	compensation
2	customer
2	electrical
2	facilitates
2	heave
2	immediately
2	movement
2	owned
2	tethered
2	works
2	analysis
2	ease
2	ensuring
2	measurement
2	pile
2	record
2	recording
2	reliable
2	robust
2	simple
2	tracerco
2	tracercos
2	type
2	volume
2	deployment
2	disconnection
2	dockside
2	facilities
2	following
2	nondestructive
2	recent
2	take
2	took
2	ability
2	anode
2	automated
2	cage
2	controlled
2	every
2	jan
2	lifting
2	march
2	procedures
2	seatools
2	step
2	trust
2	means
2	real
2	brought
2	capable
2	max
2	packages
2	seabeds
2	benefit
2	degrees
2	differentiated
2	focused
2	forefront
2	interconnector
2	jake
2	lifefield
2	light
2	partnership
2	remain
2	research
2	thruster
2	tompkins
2	upgraded
2	aluminium
2	buried
2	debris
2	echo
2	electromagnetic
2	england
2	give
2	gooderham
2	interest
2	magnetic
2	mean
2	mine
2	mines
2	night
2	normal
2	presentation
2	silty
2	special
2	spot
2	unexploded
2	waiting
2	images
2	searching
2	bryant
2	chris
2	comes
2	detonation
2	disposal
2	made
2	management
2	objects
2	ready
2	since
2	spread
2	vital
2	achievements
2	assets
2	associated
2	catapult
2	delivering
2	detailed
2	especially
2	example
2	facility
2	levelised
2	next
2	ore
2	reta
2	testing
2	video
2	workshops
2	advantage
2	authorities
2	carrying
2	creating
2	despite
2	detection
2	location
2	owners
2	profiler
2	scenario
2	sensor
2	smartrak
2	tidal
2	undertake
2	cooperation
2	established
2	specialised
2	angle
2	claus
2	dmc
2	drechsler
2	given
2	network
2	others
2	viewing
2	already
2	boost
2	carried
2	geophysical
2	mmt
2	stability
2	acclaimed
2	air
2	electronic
2	gps
2	inputs
2	millisecond
2	precise
2	produced
2	seismic
2	serial
2	availability
2	complement
2	flexible
2	knowledge
2	lead
2	leader
2	limited
2	provision
2	result
2	sales
2	stock
2	sure
2	tim
2	leading
2	life
2	richard
2	technologyled
2	telecommunications
2	northeast
2	suited
2	duty
2	gwynt
2	hdia
2	minimal
2	mor
2	polar
2	prince
2	rspu
2	unloading
2	continued
2	decommissioning
2	great
2	ideal
2	olav
2	problems
2	spectrum
2	supports
2	worked
2	exhibition
2	international
2	located
2	long
2	looking
2	mapping
2	much
2	reliability
2	scout
2	bridge
2	ceremony
2	environment
2	haugesund
2	hazardous
2	improving
2	initiative
2	maritimes
2	online
2	opening
2	positive
2	realism
2	realistic
2	shifts
2	single
2	total
2	berit
2	storm
2	basket
2	certified
2	diving
2	lite
2	pommec
2	twin
2	accommodate
2	best
2	car
2	care
2	ceo
2	claims
2	commercialshelf
2	concept
2	connect
2	cots
2	cover
2	cutter
2	deeper
2	designers
2	distribution
2	eight
2	excited
2	fiber
2	fishing
2	fluidize
2	fulfill
2	gain
2	gained
2	growing
2	helps
2	initial
2	installers
2	insurance
2	interarray
2	interchangeable
2	interconnecting
2	jets
2	keep
2	kilometers
2	kingdom
2	laid
2	lease
2	left
2	like
2	maneuverability
2	manoeuvred
2	mechanical
2	mentor
2	methods
2	newly
2	optic
2	parts
2	personnel
2	phil
2	pipe
2	plans
2	plib
2	ploughs
2	post
2	powerful
2	precisely
2	price
2	priority
2	profile
2	protection
2	proven
2	readily
2	round
2	runs
2	scheduling
2	selfpropelled
2	sell
2	serve
2	sink
2	specifically
2	started
2	tag
2	telephone
2	tens
2	think
2	thousands
2	threats
2	undersea
2	united
2	unprotected
2	vulnerable
2	walker
2	codaoctopus
2	diverse
2	ping
2	visualisation
2	day
2	screens
2	original
2	package
2	deemed
2	devices
2	identified
2	macmillan
2	nordergrnde
1	aip
1	approval
1	arrange
1	arrangement
1	barge
1	bracing
1	cargo
1	caribbean
1	conductorriser
1	count
1	counterpart
1	detiveaux
1	dnv
1	dramatically
1	economical
1	eliminates
1	engineers
1	ever
1	exceeding
1	fabricating
1	fabrication
1	fabricator
1	footprint
1	foundations
1	furthermore
1	isims
1	jackets
1	labour
1	load
1	locationsgreg
1	lower
1	mexico
1	modular
1	optimization
1	patented
1	payload
1	principle
1	savings
1	shape
1	south
1	spent
1	strength
1	structurally
1	transport
1	transportation
1	true
1	wider
1	xbraced
1	adaptable
1	arenasaleron
1	auxrov
1	bisset
1	campaigns
1	class
1	coupled
1	designing
1	directormike
1	dredge
1	extended
1	flotation
1	flow
1	head
1	identification
1	longer
1	periods
1	proving
1	regions
1	rovquip
1	sister
1	skills
1	stay
1	target
1	thanks
1	tide
1	typically
1	versatile
1	beis
1	changing
1	competitive
1	continually
1	delays
1	demands
1	double
1	echoing
1	estimated
1	expense
1	foresight
1	fraction
1	gbp
1	government
1	grimmon
1	harness
1	innovations
1	instead
1	issues
1	make
1	message
1	miss
1	nss
1	oceans
1	office
1	pave
1	point
1	published
1	rely
1	report
1	science
1	strategy
1	suspension
1	touchdown
1	value
1	always
1	andwill
1	assodivers
1	assodiversis
1	baltic
1	boxes
1	caused
1	cgs
1	compensates
1	comprise
1	considerably
1	consists
1	danish
1	downtime
1	electric
1	emphasize
1	extra
1	forcable
1	gamesa
1	granted
1	grid
1	grids
1	guide
1	huge
1	intended
1	interconnect
1	junction
1	kits
1	konstantatos
1	mrus
1	often
1	preferred
1	procurement
1	pulling
1	relations
1	relocate
1	responsible
1	rest
1	rings
1	roller
1	sarantos
1	seafloor
1	seas
1	siemens
1	slip
1	stones
1	superior
1	vattenfall
1	waves
1	weatherrelated
1	weve
1	wireless
1	amount
1	annuli
1	calibration
1	determine
1	diagnostics
1	diver
1	interfaced
1	kim
1	lee
1	live
1	measurements
1	minimising
1	obtained
1	optimised
1	profiles
1	profiling
1	pumped
1	pumping
1	raw
1	remove
1	saving
1	secure
1	specified
1	strategic
1	thye
1	traceable
1	allowed
1	another
1	barrowfurness
1	consisted
1	demonstrated
1	dong
1	earlier
1	explained
1	followingsigning
1	incorporating
1	interference
1	john
1	largest
1	milestone
1	mock
1	multimillion
1	poor
1	pound
1	pull
1	removal
1	rovtech
1	shaw
1	structure
1	visible
1	accuracy
1	adding
1	automation
1	backup
1	beatrice
1	circumstances
1	executed
1	frumau
1	guarantee
1	innovate
1	installing
1	instrumentation
1	missioncritical
1	monitors
1	pif
1	piles
1	pointed
1	procedure
1	reap
1	redundancy
1	regardless
1	related
1	seatoolsdeliveredpiling
1	seaway
1	solid
1	strategies
1	toolbox
1	uninterrupted
1	advancement
1	clump
1	excess
1	exciting
1	greatly
1	limitsgraham
1	murdoch
1	stabilising
1	thrusters
1	tuggers
1	weights
1	changed
1	completion
1	debury
1	dependent
1	depending
1	doubling
1	firm
1	kpa
1	minimum
1	modernising
1	performing
1	practices
1	recover
1	right
1	shore
1	trov
1	utilises
1	utv
1	application
1	autonomously
1	auvs
1	collaboration
1	condition
1	consistently
1	define
1	demonstrate
1	depthrated
1	developedin
1	disruptive
1	driving
1	efficiencies
1	enable
1	entered
1	evolving
1	freedom
1	generate
1	heavily
1	hover
1	investments
1	itis
1	maximise
1	pattern
1	permanently
1	preengineering
1	rather
1	remaining
1	residency
1	roadmap
1	situ
1	specific
1	agency
1	bad
1	busy
1	cabling
1	cefas
1	chirp
1	chirps
1	city
1	clear
1	club
1	coastguard
1	conjunction
1	cumbria
1	detectingpoor
1	developmentgooderham
1	diss
1	edf
1	edgetech
1	evade
1	event
1	eye
1	fields
1	find
1	football
1	gadgets
1	galloper
1	gardline
1	germans
1	ground
1	groups
1	hydrographic
1	imarest
1	includingaluminium
1	insights
1	lowestoft
1	magnetometers
1	managed
1	mask
1	multibeam
1	normally
1	norwich
1	opens
1	orbisenergy
1	ordtek
1	outline
1	past
1	penetrates
1	pieces
1	rampion
1	regional
1	riverbed
1	rovmounted
1	scottishpower
1	second
1	sidescan
1	signoffs
1	sites
1	society
1	sounders
1	speakers
1	spotting
1	staged
1	style
1	submersible
1	subseatech
1	suffolk
1	sussex
1	symposiumis
1	times
1	walney
1	war
1	wrecks
1	yorkshire
1	alternatively
1	app
1	appis
1	asmartphone
1	camera
1	freedownload
1	gmsl
1	gmslapp
1	google
1	hotspots
1	key
1	models
1	overlaying
1	pressing
1	read
1	shown
1	shows
1	sovereign
1	static
1	store
1	switch
1	tablet
1	tour
1	userscan
1	xray
1	alongside
1	charge
1	clearly
1	commonality
1	continuing
1	damaged
1	disposing
1	elsewhere
1	eod
1	excavating
1	excellent
1	expanded
1	explosive
1	items
1	joined
1	lays
1	linked
1	maintain
1	members
1	nearby
1	obvious
1	opportunities
1	performs
1	plc
1	preconstruction
1	removed
1	routing
1	see
1	sees
1	sons
1	supplier
1	surface
1	throughout
1	visions
1	ambition
1	asset
1	battensby
1	blythbased
1	bringing
1	drive
1	engaged
1	governments
1	grateful
1	highdefinition
1	importance
1	integrating
1	integrity
1	interpretive
1	ken
1	maintaining
1	mwhr
1	ndt
1	newcastlebased
1	objectives
1	overall
1	particular
1	partners
1	predicted
1	prime
1	probe
1	providers
1	seams
1	smes
1	storey
1	terms
1	trialled
1	weld
1	achieved
1	buoyancy
1	charts
1	communications
1	comparable
1	comprehensive
1	cougars
1	creates
1	cutting
1	danger
1	drag
1	dualheaded
1	essential
1	exposed
1	flows
1	gradiometer
1	grows
1	highresolution
1	lowprofile
1	minimises
1	noise
1	optimum
1	passive
1	properly
1	ratio
1	regulatory
1	reports
1	reputation
1	scanning
1	sense
1	showing
1	signal
1	signature
1	situations
1	sixmetre
1	sixstrong
1	slater
1	smallest
1	smartsearch
1	southern
1	steel
1	strong
1	submarine
1	terry
1	tether
1	thinner
1	tight
1	typical
1	bathymetry
1	fast
1	highest
1	interceptor
1	joint
1	lidar
1	mmtsclients
1	mosaics
1	operative
1	photo
1	quarter
1	reach
1	specifications
1	surveyor
1	experienced
1	fieldview
1	finding
1	follow
1	get
1	imagery
1	jobadded
1	movements
1	options
1	owner
1	perform
1	pilots
1	really
1	robot
1	robots
1	serving
1	several
1	specially
1	supervision
1	therefore
1	updates
1	usbl
1	various
1	april
1	beam
1	collected
1	comments
1	complementing
1	doppler
1	entail
1	gathering
1	higher
1	imagemacartney
1	inertial
1	log
1	martin
1	multi
1	optimal
1	scan
1	side
1	sounder
1	velocity
1	wikmar
1	acclaimeds
1	agricultural
1	agriculture
1	andrews
1	axiom
1	capture
1	changes
1	charting
1	commands
1	controlling
1	enc
1	epoch
1	fanbeam
1	firing
1	generating
1	guidance
1	gun
1	harkand
1	harnesses
1	issue
1	jalfrezi
1	land
1	laser
1	machinery
1	mangement
1	mdl
1	monopile
1	number
1	orion
1	overridden
1	performed
1	positions
1	receipt
1	reporting
1	send
1	suite
1	tags
1	timing
1	verify
1	veripos
1	visualistion
1	watertight
1	acteon
1	australia
1	brazil
1	client
1	coverage
1	currie
1	david
1	demanded
1	demonstrates
1	embody
1	expect
1	finest
1	held
1	hold
1	increased
1	locations
1	marketleading
1	overfield
1	pools
1	professional
1	qualitydriven
1	rapid
1	representative
1	response
1	sale
1	signed
1	singapore
1	substantial
1	thereby
1	todays
1	valueadded
1	widening
1	actively
1	applies
1	appointed
1	authority
1	bernard
1	carroll
1	combination
1	command
1	cowdrey
1	cycles
1	dedicated
1	develop
1	energi
1	englandbased
1	expands
1	focussed
1	headed
1	hill
1	investment
1	involved
1	irm
1	navy
1	navys
1	provider
1	senior
1	specialists
1	spreads
1	stateart
1	technician
1	trackrecord
1	uuv
1	warfare
1	aberdeen
1	flying
1	ideally
1	installed
1	modern
1	newcastle
1	offices
1	reeef
1	rigid
1	tyne
1	umbilicals
1	upon
1	variety
1	acquisitions
1	announced
1	answer
1	assurance
1	bend
1	build
1	change
1	chief
1	consolidated
1	daryl
1	davison
1	delivered
1	diameter
1	dynamics
1	early
1	enhancement
1	european
1	exceed
1	extremely
1	follows
1	forthcoming
1	fundamental
1	grane
1	handle
1	introduction
1	lynch
1	machine
1	maiden
1	nordic
1	paul
1	ploughing
1	postlay
1	prepared
1	previous
1	radius
1	reefsubsea
1	sands
1	schedule
1	secured
1	sheehan
1	simultaneous
1	soils
1	straight
1	subseas
1	subsequent
1	successful
1	testament
1	tonnes
1	top
1	workscope
1	bergen
1	closely
1	constructive
1	consumption
1	crucial
1	dialogue
1	discussed
1	dredging
1	emphasis
1	establishing
1	extending
1	good
1	highlights
1	history
1	january
1	jon
1	kopperstad
1	leif
1	lken
1	magnet
1	mobile
1	motor
1	observation
1	permanent
1	positively
1	presented
1	relationship
1	requirement
1	responded
1	security
1	segment
1	status
1	wholly
1	whose
1	attend
1	attendees
1	attending
1	aude
1	become
1	biannual
1	brest
1	brings
1	brittany
1	collaborations
1	components
1	conference
1	congress
1	delegates
1	devoting
1	discuss
1	durability
1	earned
1	eighth
1	endurance
1	enviable
1	exploration
1	fair
1	france
1	fulfil
1	instruments
1	inventories
1	kuchly
1	likeminded
1	lowcost
1	oceanographic
1	oceanography
1	opportunity
1	organisations
1	portable
1	professionals
1	prospective
1	quartz
1	ranges
1	scientific
1	seminars
1	sessions
1	sharing
1	showcasing
1	stand
1	taking
1	technological
1	themes
1	thth
1	towfish
1	track
1	trade
1	transponders
1	umbrella
1	acc
1	aft
1	akselsen
1	arena
1	aspect
1	aspects
1	assisting
1	ballast
1	basic
1	brmcrm
1	buoy
1	cluster
1	configured
1	contribute
1	courses
1	covering
1	covers
1	deckmounted
1	degree
1	directorate
1	driven
1	dynamic
1	ecdis
1	efforts
1	einar
1	executive
1	exercise
1	explains
1	expressed
1	fulfils
1	gathered
1	general
1	globalsim
1	guests
1	gunnar
1	haugalandet
1	holistic
1	hvamb
1	included
1	individual
1	individually
1	institutes
1	integration
1	interact
1	interface
1	johansen
1	kind
1	knuckleboom
1	kpos
1	lattice
1	mission
1	modules
1	nautical
1	norwegian
1	official
1	officially
1	ole
1	opened
1	park
1	pedestal
1	perhaps
1	planning
1	preoperational
1	present
1	procedural
1	proud
1	realistically
1	reduction
1	replicate
1	represents
1	rune
1	shipowners
1	shipping
1	simulates
1	sren
1	standalone
1	stated
1	stcw
1	supplied
1	tandem
1	tangible
1	variables
1	veierland
1	whole
1	wireluffing
1	assessed
1	certainly
1	damages
1	incident
1	inspected
1	minor
1	november
1	problem
1	recovered
1	sank
1	scaled
1	soon
1	sway
1	though
1	becoming
1	civil
1	dynamically
1	expand
1	immediate
1	importantly
1	lincs
1	lloyds
1	manufacturer
1	moment
1	positioned
1	space
1	surveying
1	tested
1	tower
1	pharosoffshoregroup
1	aid
1	augmented
1	auld
1	awareness
1	bearing
1	breakwater
1	cases
1	different
1	distinct
1	documented
1	generates
1	improvements
1	instantaneous
1	instantaneously
1	intuitive
1	measures
1	navigating
1	numerous
1	perspective
1	pilot
1	points
1	reference
1	reported
1	spatial
1	stephen
1	structures
1	threedimensional
1	transfer
1	transmission
1	unrivalled
1	windfarm
1	without
1	cpt
1	dive
1	gems
1	gemsgroup
1	helicopter
1	investigations
1	rated
1	suites
1	tonne
1	approaching
1	arrival
1	balance
1	bes
1	boskalis
1	bury
1	colours
1	deadline
1	doors
1	ela
1	enabling
1	entering
1	finishing
1	frank
1	haak
1	install
1	insulation
1	interconnectors
1	moerdijk
1	monitor
1	multipurpose
1	netherlands
1	notice
1	painted
1	persons
1	plant
1	run
1	starting
1	superb
1	supervisor
1	surf
1	ter
1	tests
1	tobe
1	transferred
1	trenchers
1	warehouse
1	westminster
1	auto
1	common
1	consoles
1	department
1	deploy
1	designer
1	excavator
1	explorer
1	fathom
1	foruxo
1	functionality
1	gareth
1	greater
1	hardware
1	ivp
1	joystick
1	kerr
1	lift
1	mattress
1	multibeamoperations
1	ordernotonly
1	orders
1	previously
1	proof
1	reliably
1	responsive
1	salvage
1	scalable
1	sixfigure
1	sonarand
1	spares
1	today
1	topside
1	touch
1	upgrade
1	usingthe
1	vesselsfitted
1	whichis
1	windows
1	wrov
1	additional
1	airbag
1	although
1	approximately
1	attach
1	bob
1	chains
1	cleaned
1	commissioning
1	complications
1	constructed
1	contracts
1	designated
1	detonated
1	developer
1	disposed
1	dries
1	excavate
1	face
1	getting
1	grenades
1	island
1	job
1	later
1	littered
1	meaning
1	move
1	officials
1	picked
1	posed
1	puts
1	retrieved
1	returned
1	rough
1	sandbank
1	search
1	senvion
1	shells
1	storage
1	tender
1	tow
1	transported
1	turned
1	unsafe
1	wangerooge
1	wars
1	wet
1	wires
1	wpd
1	zero
